Header,Body
News, Brie Larson had teased on Tuesday night about how she intended to break the Internet with Entertainment Weekly aiding and abetting. Now both have gone and done just that as we finally got our first official glimpse of the Oscar-winning actress as Captain Marvel.
News, Brie Larson had teased on Tuesday night about how she intended to break the Internet with Entertainment Weekly aiding and abetting. Now both have gone and done just that as we finally got our first official glimpse of the Oscar-winning actress as Captain Marvel.
News, Brie Larson had teased on Tuesday night about how she intended to break the Internet with Entertainment Weekly aiding and abetting. Now both have gone and done just that as we finally got our first official glimpse of the Oscar-winning actress as Captain Marvel.
News, Brie Larson had teased on Tuesday night about how she intended to break the Internet with Entertainment Weekly aiding and abetting. Now both have gone and done just that as we finally got our first official glimpse of the Oscar-winning actress as Captain Marvel.
News, Brie Larson had teased on Tuesday night about how she intended to break the Internet with Entertainment Weekly aiding and abetting. Now both have gone and done just that as we finally got our first official glimpse of the Oscar-winning actress as Captain Marvel.
News, Brie Larson had teased on Tuesday night about how she intended to break the Internet with Entertainment Weekly aiding and abetting. Now both have gone and done just that as we finally got our first official glimpse of the Oscar-winning actress as Captain Marvel.
News, Brie Larson had teased on Tuesday night about how she intended to break the Internet with Entertainment Weekly aiding and abetting. Now both have gone and done just that as we finally got our first official glimpse of the Oscar-winning actress as Captain Marvel.
News, Brie Larson had teased on Tuesday night about how she intended to break the Internet with Entertainment Weekly aiding and abetting. Now both have gone and done just that as we finally got our first official glimpse of the Oscar-winning actress as Captain Marvel.
Rambabu,Love you
